title,link,location
CARIAD ,/jobs/companies/cariad?c=OEdTMhDz4cPt28z6&tl=python,"Nürnberg, Wolfsburg, Mönsheim"
Catawiki,/jobs/companies/catawiki?c=gtoApgik3V46wogw&tl=python,"Assen, Amsterdam"
Picnic,/jobs/companies/picnic?c=mvUJNSg2ZCkHfGvu&tl=python,"Düsseldorf, Amsterdam"
Motius GmbH,/jobs/companies/motius-gmbh?c=npLOESqUjAdvmLle&tl=python,"München, Stuttgart, Dubai"
Baker Hughes,/jobs/companies/baker-hughes?c=OzPVFwyuyrVybDZS&tl=python,"Houston, Cramlington, Groby"
Breuninger GmbH & Co.,/jobs/companies/breuninger-gmbh-co?c=AE472SJw62RXGXAs&tl=python,"Düsseldorf, Stuttgart"
ImFusion GmbH,/jobs/companies/imfusion-gmbh?c=G4zcafjWAwjWpYU8&tl=python,"München, Munich"
FINN,/jobs/companies/finn?c=MoDdZTBXzfccxfq0&tl=python,München
ING Deutschland,/jobs/companies/ing-deutschland?c=ia5AK3jwGDN3oyCQ&tl=python,"Frankfurt am Main, Nürnberg"
Creative Assembly,/jobs/companies/creative-assembly?c=Kad4Mntrp9p2VGP6&tl=python,"Horsham, Bulgaria"
atma.io ,/jobs/companies/atmaio?c=OxiN7j88ETWjfL8s&tl=python&pg=2,"Graz, Zagreb, Leinfelden-Echterdingen"
MUFG,/jobs/companies/mufg?c=OCFcmss7hInjQmuQ&tl=python&pg=2,"Phoenix, Charlotte, Dallas"
LeoVegas Mobile Gaming Group,/jobs/companies/leovegas-mobile-gaming-group?c=LclShHGZH6k8RHoI&tl=python&pg=2,"Stockholm, Västerås, Växjö"
ZEISS Group,/jobs/companies/zeiss-group?c=wSZsZcs7hw9jnaco&tl=python&pg=2,"München, Oberkochen, Jena"
Copado Strategic Services,/jobs/companies/copado-strategic-services?c=lodrCV4kR2FzzQOs&tl=python&pg=2,San Francisco
IMC Trading,/jobs/companies/imc-trading?c=btZFEmN3xefHtdok&tl=python&pg=2,"Amsterdam, Chicago, The Rocks"
Stardog Union,/jobs/companies/Stardog-Union?c=y69d7xMTEOoXdd8k&tl=python&pg=2,Arlington
Enveil,/jobs/companies/enveil?c=H6BWXkIpgz5wMnBe&tl=python&pg=2,Fulton
ASML,/jobs/companies/asml?c=o64OkE4bEEMwDUXe&tl=python&pg=2,"Chandler, Veldhoven, East District"
Caterpillar Inc.,/jobs/companies/caterpillar-inc?c=OIdH25qh8l7lAbCg&tl=python&pg=2,"Chicago, Peoria, Bengaluru"
Bloomberg LP,/jobs/companies/bloomberg?c=3NdBKWpogs5Te1LW&tl=python&pg=3,"New York, Princeton, London"
Adference GmbH,/jobs/companies/adference-gmbh?c=LQ7JpfTV8CTVcY9i&tl=python&pg=3,Lüneburg
Apple,/jobs/companies/apple?c=smlsIQ2y70A8LdIs&tl=python&pg=3,"Cupertino, Austin, Haifa"
Abbott,/jobs/companies/abbott?c=OH3atdxbNtheGR44&tl=python&pg=3,"California, Orlando, Bend"
DraftKings,/jobs/companies/draftkings?c=hDV9h9nEVLaZQWsw&tl=python&pg=3,"Boston, Las Vegas, Sofia"
Capital Group,/jobs/companies/capital-group?c=OF6icr3nzmd3cDtK&tl=python&pg=3,"San Antonio, Irvine, Los Angeles"
PwC,/jobs/companies/pwc?c=BaOONdBVwmp4Gf1S&tl=python&pg=3,New York
SpotMe,/jobs/companies/spotme?c=9KnlUp38zkXHSY8&tl=python&pg=3,"Sofia, Lausanne"
PAYBACK,/jobs/companies/PAYBACK?c=p24QSUn2qy2xor8k&tl=python&pg=3,"München, Wien, Köln"
CREDIT SUISSE AG,/jobs/companies/credit-suisse-ag?c=OI1BBBM5UwOkqXRe&tl=python&pg=3,"London, Zürich, Navi Mumbai"
Northwestern Mutual,/jobs/companies/northwestern-mutual?c=OJGlJFMDiVpZclO0&tl=python&pg=4,"Milwaukee, New York"
Commonwealth Bank,/jobs/companies/commonwealth-bank?c=OGmRtxLyw8cFFzUs&tl=python&pg=4,"Sydney, Eveleigh"
funda,/jobs/companies/funda-real-estate-bv?c=Jpk1zn6UkvD5EOSQ&tl=python&pg=4,Amsterdam
Erste Digital,/jobs/companies/erste-digital?c=OKKPAiQD1T6Aw4tG&tl=python&pg=4,"Wien, Praha 4, Bratislava"
PayPay Corporation.,/jobs/companies/paypay-corporation?c=LGtoLAjXBXIvlu6c&tl=python&pg=4,No office location
Zühlke Engineering GmbH,/jobs/companies/z%C3%BChlke-engineering-gmbh?c=M1eIKvQePSnYGCo8&tl=python&pg=4,"Eschborn, München, Stuttgart"
Zuhlke Engineering EOOD,/jobs/companies/zuhlke-engineering-eood?c=M1wQTejvFAQvps1G&tl=python&pg=4,Sofia
Ford Motor Company,/jobs/companies/ford-motor-company?c=OGsUbMAE82mbfbMY&tl=python&pg=4,"Dearborn, Palo Alto, Detroit"
Delivery Hero SE,/jobs/companies/delivery-hero-se?c=sgMY3d4ognQ71oB2&tl=python&pg=4,Berlin
Vertica,/jobs/companies/vertica?c=OIjJKkfmKfgR9NuM&tl=python&pg=4,"Cambridge, Pittsburgh"
Zuhlke Engineering Ltd,/jobs/companies/zuhlke-engineering-ltd?c=qiKaHRn4OrOvUtIQ&tl=python&pg=5,"Manchester, Edinburgh, London"
LinkedIn,/jobs/companies/linkedin?c=OEOa3IA6JDKwtNQc&tl=python&pg=5,"Beijing, New York, Sunnyvale"
PHOENIX CONTACT GmbH & Co. KG,/jobs/companies/phoenix-contact-gmbh-co-kg?c=OJugjc8s576Y382Y&tl=python&pg=5,Blomberg
Fidelity Investments,/jobs/companies/fidelity-investments?c=OHVyTmX0iCEORlYI&tl=python&pg=5,"Westlake, Salt Lake City, Durham"
JPMorgan Chase & Co.,/jobs/companies/jpmorgan-chase-co?c=NjWXyu9b3NnEguru&tl=python&pg=5,"Buenos Aires, Herzliya, Bengaluru"
Assurance,/jobs/companies/assurance?c=Og95xe6d3uWGaenC&tl=python&pg=5,"Toronto, Seattle, Fort Lauderdale"
Inductive Automation ,/jobs/companies/inductive-automation?c=OKsHrAnmcaE3NeQ8&tl=python&pg=5,Folsom
Yoco,/jobs/companies/yoco?c=OJYtSofU8DSvVbry&tl=python&pg=5,"Cape Town, Amsterdam, Johannesburg"
3M Health Information Systems and The Digital Science Community ,/jobs/companies/3m-health-information-systems-and-the-digital-science-community?c=OHliBW0sDbJLpGHC&tl=python&pg=5,"Albany, Silver Spring, Pittsburgh"
Andela,/jobs/companies/andela?c=NH9nnogIzlSQXTIk&tl=python&pg=5,No office location
If P&C Insurance,/jobs/companies/if-p-c-insurance?c=OtHaIsDN2ogt09Bm&tl=python&pg=6,"Mölndal, Hvidovre, Espoo"
The Home Depot,/jobs/companies/the-home-depot?c=OHxo2pEDR02MyUsE&tl=python&pg=6,No office location
BAE Systems Digital Intelligence,/jobs/companies/bae-systems-digital-intelligence?c=OGX7KYI6bz7J7fby&tl=python&pg=6,"Manchester, Brockworth, Leeds"
Flip App,/jobs/companies/flip-app?c=OJ02K0101Alqb4Eo&tl=python&pg=6,Stuttgart
G DATA CyberDefense AG,/jobs/companies/g-data-cyberdefense-ag?c=OHPwb87UGIvjhK6c&tl=python&pg=6,Bochum
Adevinta,/jobs/companies/adevinta?c=O3toM8YrzL0tuO4w&tl=python&pg=6,"Barcelona, Paris"
Zühlke Engineering AG,/jobs/companies/z%C3%BChlke-engineering-ag?c=M18G2h19dYet70vC&tl=python&pg=6,"Bern, Schlieren"
Canonical,/jobs/companies/canonical?c=NQTKJiFLHVdMoZDW&tl=python&pg=6,"Taipei City, London, Montreal"
Lufthansa Industry Solutions,/jobs/companies/lufthansa-industry-solutions?c=OK4wAD4ZKy21uNk4&tl=python&pg=6,"Wolfsburg, Wetzlar, Stuttgart"
Y42,/jobs/companies/y42?c=OHrlkaPyf5TgZiA8&tl=python&pg=6,"Ho Chi Minh City, Berlin, Albania"
Amazon Web Services (AWS),/jobs/companies/amazon-web-services-aws?c=OIvPaNTxY3zSj1fO&tl=python&pg=7,No office location
MBition (Mercedes Benz AG),/jobs/companies/mbition-mercedes-benz-ag?c=OHDqKEtJsUci8wla&tl=python&pg=7,Berlin
AllTrails,/jobs/companies/alltrails?c=OpjcBHyIwDmy9F28&tl=python&pg=7,San Francisco
Audible,/jobs/companies/audible?c=c8xStPAHS03ypnb2&tl=python&pg=7,"Newark, Cambridge, Seattle"
Dell Technologies,/jobs/companies/dell-technologies?c=OKaziRU5msbx4pcA&tl=python&pg=7,"Seattle, Round Rock, Hopkinton"
Fullscript,/jobs/companies/fullscript?c=finNYb5x8ybFjMFW&tl=python&pg=7,"Ottawa, Scottsdale"
BAUHAUS AG,/jobs/companies/bauhaus-ag?c=OJSra9qOwJJ0lzz2&tl=python&pg=7,Mannheim
"DICK'S Sporting Goods, Inc. ",/jobs/companies/dicks-sporting-goods-inc?c=OIU01LbUpGbUBsLS&tl=python&pg=7,No office location
MOIA GmbH,/jobs/companies/moia-gmbh?c=JMwroherQ48ime9G&tl=python&pg=7,"Berlin, Hamburg"
"Sailpoint Technologies, Inc.",/jobs/companies/sailpoint-technologies-inc?c=Jp1TqEDDuNayVZfi&tl=python&pg=7,Austin
Udemy,/jobs/companies/udemy?c=OJodAXjmtcXstwas&tl=python&pg=8,"Mountain View, Austin, Denver"
Thermo Fisher Scientific Careers,/jobs/companies/thermo-fisher-scientific-careers?c=OIpMsz4sm9qmJpni&tl=python&pg=8,"Hyderabad, Budapest, Austin"
Warner Bros. Discovery,/jobs/companies/warner-bros-discovery?c=MQTUVeAcRTFT6qpG&tl=python&pg=8,"Knoxville, Sterling, New York"
Adyen.,/jobs/companies/adyen?c=OKmEJlygAguydCXC&tl=python&pg=8,"Madrid, Chicago, Amsterdam"
Geotab,/jobs/companies/geotab?c=LpjHbvi20yISfXlm&tl=python&pg=8,No office location
Luxoft ,/jobs/companies/luxoft?c=OFoql9wEp4FzVt7i&tl=python&pg=8,"Wrocław, Gdańsk, Torino"
[NAVER Cloud] 데이터분석가 for 네이버클라우드,https://kr.indeed.com/취업?q=파이썬&limit=50&vjk=23a13cbdacf6e086,성남 분당구
2022년 5월 R&D(CTO) 경력사원 (Pack) for LG에너지솔루션,https://kr.indeed.com/취업?q=파이썬&limit=50&vjk=8e2d9c2a271c5151,대전 유성구
[우량 리서치 회사] 사회공공조사 리서처 3년 이상 for 그레이프 파트너즈,https://kr.indeed.com/취업?q=파이썬&limit=50&vjk=dd321c47deaeef06,서울 서초구
풀스텍 개발자 정규직 for 위고컴퍼니,https://kr.indeed.com/취업?q=파이썬&limit=50&vjk=75916b7f00559902,서울 서초구
Cloud기술 경력사원 for LG유플러스,https://kr.indeed.com/취업?q=파이썬&limit=50&vjk=92a3e3062ba4eee1,서울
악성 코드 분석 경력직 for 에스케이쉴더스,https://kr.indeed.com/취업?q=파이썬&limit=50&vjk=6473117532398813,성남 분당구
컴퓨터 비전 및 딥러닝 엔지니어 for Nearthlab,https://kr.indeed.com/취업?q=파이썬&limit=50&vjk=1fef384250424144,서울 역삼역
FCBGA 국내제조대기업 for ,https://kr.indeed.com/취업?q=파이썬&limit=50&vjk=06444838cd79f653,서울특별시
"Solutions Architcet 전문가 (과장-이사급 00명) , 글로벌 Top 클라우드 서비스 기업 for 코어포인트",https://kr.indeed.com/취업?q=파이썬&limit=50&vjk=bed2cc057a547db9,서울 강남구
전자산업 소재 대기업 HR 조직개발 대리과장급 for 인파트너스,https://kr.indeed.com/취업?q=파이썬&limit=50&vjk=039b50ca3f44ac39,서울 종로구
CTI 분석 경력직 for 에스케이쉴더스,https://kr.indeed.com/취업?q=파이썬&limit=50&vjk=c3a04cf67c91fd12,성남 분당구
[크립토랩] 동형암호 프레임워크 이용한 파이썬 기반 동형 통계함수 개발 인턴 for 크립토랩,https://kr.indeed.com/취업?q=파이썬&limit=50&vjk=96677a787548c160,서울 관악구
[인공지능기업] 머신러닝 병역특례 전문연구요원 for 머니브레인,https://kr.indeed.com/취업?q=파이썬&limit=50&vjk=28cb699ec609130e,서울
파이썬 개발자 초중급 이상 for 데이터앤솔루션,https://kr.indeed.com/취업?q=파이썬&limit=50&vjk=d158e683dc0b7500,서울 서초구
이공계 우수인력 희망기업 for 한국산업기술진흥협회,https://kr.indeed.com/취업?q=파이썬&limit=50&vjk=9720582e65044101,서울
[NAVER Cloud] 데이터분석가 for 네이버,https://kr.indeed.com/취업?q=파이썬&limit=50&vjk=066d39d9cff06cc5,서울
금융모델링/데이터사이언스 인턴 for 케이지제로인,https://kr.indeed.com/취업?q=파이썬&limit=50&vjk=7a00b12c47925b63,대한민국
시스템보안 담당자 채용 for 케이뱅크은행,https://kr.indeed.com/취업?q=파이썬&limit=50&vjk=e85487d0d81b009b,서울 중학동
Mechatronics Engineer - 인재풀 for Bear Robotics,https://kr.indeed.com/취업?q=파이썬&limit=50&vjk=32585202abd2dc02,서울
"딥러닝 엔지니어 (NLP,영상합성,음성합성) 경력 정규직 for 에이스파트너스서치펌",https://kr.indeed.com/취업?q=파이썬&limit=50&vjk=6afecc96234ecb55,서울 강남구
Quantitative Researcher for WorldQuant,https://kr.indeed.com/취업?q=파이썬&limit=50&vjk=9ce415e3e77e1088,서울
품질 신입 채용 for LS메탈,https://kr.indeed.com/취업?q=파이썬&limit=50&vjk=ad9c760fdec88af5,서울 한강로2가
[인공지능기업] 머신러닝/딥러닝 엔지니어 경력 for 머니브레인,https://kr.indeed.com/취업?q=파이썬&limit=50&vjk=6d03e48e8e540074,서울
기간제 직원 채용[RA테스트베드 공표시스템 운용] for 코스콤,https://kr.indeed.com/취업?q=파이썬&limit=50&vjk=42afa6674e4089a6,서울 여의도
Linux/임베디드 기반 보안 솔루션 개발자 for 노르마,https://kr.indeed.com/취업?q=파이썬&limit=50&vjk=cb3d3bf58ea0bf85,서울 성동구
부문 경력직 채용[물류 IT 시스템개발] for 현대글로비스,https://kr.indeed.com/취업?q=파이썬&limit=50&vjk=be2dba4474b31974,서울 역삼동
산업/시장 리서치 경력직 채용 for 현대글로비스,https://kr.indeed.com/취업?q=파이썬&limit=50&vjk=88c1336fe4fb78f8,서울 역삼동
신세계아이앤씨] 스타벅스 BI/DW 운영/개발부문 인재모집 for 신세계,https://kr.indeed.com/취업?q=파이썬&limit=50&vjk=df4d31117fe1aecf,경기도
리테일 사업전략 담당자 영입 for 카카오페이증권,https://kr.indeed.com/취업?q=파이썬&limit=50&vjk=25982921ca924924,대한민국
자산배분전략팀 팀원 모집 for 키움투자자산운용,https://kr.indeed.com/취업?q=파이썬&limit=50&vjk=da13baf9257b6943,서울 여의도
소싱본부 경력사원 채용공고 for 케이투코리아,https://kr.indeed.com/취업?q=파이썬&limit=50&vjk=06980400a5b00a87,서울 자곡동
IT시스템 기획/관리 경력직 채용 for 현대글로비스,https://kr.indeed.com/취업?q=파이썬&limit=50&vjk=efa53026ef4d6e9c,서울 역삼동
[계약직][채널사업] PC방/오프라인 채널사업 담당자 모집 for 엔씨소프트,https://kr.indeed.com/취업?q=파이썬&limit=50&vjk=26bea88c14b8a7f8,성남 판교역
(파이썬/백엔드/프론트엔드) 다양한 ICT솔루션 개발 경험해보세요 for 넥스팟솔루션,https://kr.indeed.com/취업?q=파이썬&limit=50&vjk=9fac320346721f7d,서울
(한화투자증권 IB) 기업금융2팀 경력직원 for 한화투자증권,https://kr.indeed.com/취업?q=파이썬&limit=50&vjk=07e8ac3c4a3ee1a5,서울 영등포구
MLOps 엔지니어 for Nearthlab,https://kr.indeed.com/취업?q=파이썬&limit=50&vjk=d3848f79184aa1d7,서울 역삼역
신입 및 경력직원 채용[IT본부] for 키스자산평가,https://kr.indeed.com/취업?q=파이썬&limit=50&vjk=0c8bf715a5ace715,서울 영등포구
교육문화 경력직원 모집 for 현대로템,https://kr.indeed.com/취업?q=파이썬&limit=50&vjk=b98b490752820e4c,서울 양재동
"코딩강사 경력 프리랜서, 위촉직, 알바 for 플레이소프트일산백마센터영재코딩학원",https://kr.indeed.com/취업?q=파이썬&limit=50&vjk=d55c4fb0657284b6,고양 일산동구
"Solutions Architect - Amazon Web Services, Enterprise Vertic... for Amazon Web Services Korea LLC",https://kr.indeed.com/취업?q=파이썬&limit=50&vjk=0336d25865b3d21f,서울
Solutions Architect for Amazon Web Services Korea LLC,https://kr.indeed.com/취업?q=파이썬&limit=50&vjk=bb01900aa7b4ab34,서울
신약개발 R&D 웹 플랫폼 개발 경력 채용 for SK바이오팜,https://kr.indeed.com/취업?q=파이썬&limit=50&vjk=70a7652c57bb0684,성남 삼평동
FY2022 상반기 경력사원 채용[마이데이터 분석/ 운영] for 교보생명,https://kr.indeed.com/취업?q=파이썬&limit=50&vjk=f9f942ab2597aed6,서울 종로동
[크립토랩] 파이썬 기반 동형암호 근사다항식 구현 인턴 for 크립토랩,https://kr.indeed.com/취업?q=파이썬&limit=50&vjk=d30cd5a1e6c3d809,서울 관악구
GC녹십자지놈LIMS팀 for 녹십자지놈,https://kr.indeed.com/취업?q=파이썬&limit=50&vjk=4d6d1f847c6a86f6,용인 기흥구
상반기 경력직 수시 채용 (R&D) for LS전선,https://kr.indeed.com/취업?q=파이썬&limit=50&vjk=f621999db12fd9cb,안양 호계동
전략/마케팅본부 마케팅팀 MI(Market Intelligence) for 삼표,https://kr.indeed.com/취업?q=파이썬&limit=50&vjk=6a47a2580c1a49cc,서울 수송동
영미권 신사업 개발 경력직 채용 for 현대글로비스,https://kr.indeed.com/취업?q=파이썬&limit=50&vjk=fc66035bf272a891,서울 역삼동
개발자 for 체인지포인트,https://kr.indeed.com/취업?q=파이썬&limit=50&vjk=412f4a4caf6af454,서울 송파구
진짜 마케터가 되고싶은 퍼포먼스 마케터 for 큐브릭코퍼레이션,https://kr.indeed.com/취업?q=파이썬&limit=50&vjk=5a4943fa0e4b5012,서울 논현동
KD납촉관리 계약직 채용 for 현대글로비스,https://kr.indeed.com/취업?q=파이썬&limit=50&vjk=87f2bd1a5c339a4a,서울 역삼동
기간제 직원 채용[행정지원] for 코스콤,https://kr.indeed.com/취업?q=파이썬&limit=50&vjk=252d6d6a0a8da763,서울 여의도
Associate Solutions Architect for Amazon Web Services Korea LLC,https://kr.indeed.com/취업?q=파이썬&limit=50&vjk=e573e021debd6887,서울
[리니지M] DBA 모집 for 엔씨소프트,https://kr.indeed.com/취업?q=파이썬&limit=50&vjk=ef30730aaf966017,성남 판교역
금융상품 리포트 분야연계형 인턴 for 케이지제로인,https://kr.indeed.com/취업?q=파이썬&limit=50&vjk=c79249742aa4e878,대한민국
"Solutions Architect - AMAZON Web Services, Korea, Manufactur... for Amazon Web Services Korea LLC",https://kr.indeed.com/취업?q=파이썬&limit=50&vjk=1cfd0f45de19ea5c,서울
IT관련업무 사원 for 큐이노텍,https://kr.indeed.com/취업?q=파이썬&limit=50&vjk=fc019c0e671a1643,천안 서북구
"Solutions Architect - AMAZON Web Services, Korea for Amazon Web Services Korea LLC",https://kr.indeed.com/취업?q=파이썬&limit=50&vjk=21ba056946e5abdf,서울
해운 영업자재 관리 계약직 채용 for 현대글로비스,https://kr.indeed.com/취업?q=파이썬&limit=50&vjk=7843584c980971d4,서울 역삼동
고객자산운용센터(Wrap운용부/OCIO운용부/고객자산전략부) 경력직 안내 for KB증권,https://kr.indeed.com/취업?q=파이썬&limit=50&vjk=cdd202c25642724d,서울 여의도
아태권 신사업 개발 경력직 채용 for 현대글로비스,https://kr.indeed.com/취업?q=파이썬&limit=50&vjk=a9e73bbe78a5b470,서울 역삼동
컨설팅사업부 학사이상연계형 인턴 for 케이지제로인,https://kr.indeed.com/취업?q=파이썬&limit=50&vjk=11e30067563b4c60,대한민국
기술협력 신입/경력 정규직 채용 for 현대엔지비,https://kr.indeed.com/취업?q=파이썬&limit=50&vjk=95b3255099c06887,서울 신림동
기업부설연구소 연구원 경력 정규직 for 이룸에스엔에스,https://kr.indeed.com/취업?q=파이썬&limit=50&vjk=7a4a03e57d1263a2,경기도 부천
부문 경력직 채용[브랜드 전략/홍보] for 현대글로비스,https://kr.indeed.com/취업?q=파이썬&limit=50&vjk=9b9315de58c8bf20,서울 역삼동
IT 교강사 - 웹/자바/JSP/파이썬/ 프로그래밍 등 for 양정인력개발센터,https://kr.indeed.com/취업?q=파이썬&limit=50&vjk=ddd62dba83a92088,부산 부산진구
OCIO솔루션운용팀(주식) (과장-부장급) for 신한자산운용,https://kr.indeed.com/취업?q=파이썬&limit=50&vjk=bac915458084deb9,대한민국
신입/경력 수시채용[VAN백오피스개발] for KIS정보통신,https://kr.indeed.com/취업?q=파이썬&limit=50&vjk=6a92cf567a8970f4,서울 가산동
부문 경력직 채용[산업/시장 리서치] for 현대글로비스,https://kr.indeed.com/취업?q=파이썬&limit=50&vjk=758b69aced39f955,서울 역삼동
리서치본부 인덱스개발팀 경력 모집 for NH투자증권,https://kr.indeed.com/취업?q=파이썬&limit=50&vjk=58b8927efd793a57,서울 여의도
드론 및 무인항공기 Software/Firmware개발 연구원 for 아스트로엑스,https://kr.indeed.com/취업?q=파이썬&limit=50&vjk=f7a7fedd5e0a570e,인천 서구
물류 컨설팅 (PI) 경력직 채용 for 현대글로비스,https://kr.indeed.com/취업?q=파이썬&limit=50&vjk=50dadd47598b5c67,서울 역삼동
게임 디자인 연구/분석 담당 기획자 모집 for 엔씨소프트,https://kr.indeed.com/취업?q=파이썬&limit=50&vjk=1ea582a52bc41d08,성남 판교역
기간제 직원 채용[KOSMOS NEO 화면개발] for 코스콤,https://kr.indeed.com/취업?q=파이썬&limit=50&vjk=6055e6b06c1e0ea1,서울 여의도
"java(jsp), 파이썬 개발자 _대전배재대ICT융합새일센터 대행 for 퍼스트알앤디",https://kr.indeed.com/취업?q=파이썬&limit=50&vjk=911fda16c3e30abe,대전 서구
부문 경력직 채용[로봇운영 시스템개발] for 현대글로비스,https://kr.indeed.com/취업?q=파이썬&limit=50&vjk=d2820ef6174a88b9,서울 역삼동
"QA, QE 분야 모집 for 11번가",https://kr.indeed.com/취업?q=파이썬&limit=50&vjk=27dfaa00b6e34cb8,서울 남대문로5가
부문 경력직 채용[신사업 전략] for 현대글로비스,https://kr.indeed.com/취업?q=파이썬&limit=50&vjk=ff22775a9b774940,서울 역삼동
파이썬SW 금융분야 특화 챗봇 개발 함께 할 엔지니어 for 파운트,https://kr.indeed.com/취업?q=파이썬&limit=50&vjk=ffd9cedb23e97344,서울 충정로역
부문 경력직 채용[물류 컨설팅] for 현대글로비스,https://kr.indeed.com/취업?q=파이썬&limit=50&vjk=864f2dd72a45f1f8,서울 역삼동
부문 경력직 채용[물류 엔지니어링] for 현대글로비스,https://kr.indeed.com/취업?q=파이썬&limit=50&vjk=ae7c59a4890f60fc,서울 역삼동
Software/Firmware개발 연구원 채용 for 아스트로엑스,https://kr.indeed.com/취업?q=파이썬&limit=50&vjk=e30ca598c15d395b,인천 서구
데이터분석가 인터넷 대기업 for ,https://kr.indeed.com/취업?q=파이썬&limit=50&vjk=6d2e648417b200c2,경기도
"Research Scientist(뉴로사이언티스트, 서울) for LVIS",https://kr.indeed.com/취업?q=파이썬&limit=50&vjk=609db80064471eb8,서울
융합기술학제학부 ‘창의적 사고 랩’ 연구실(연구직) for 광주과학기술원,https://kr.indeed.com/취업?q=파이썬&limit=50&vjk=0cb9a79598549903,광주 북구
컨설팅사업부 학사이상 팀원급 for 케이지제로인,https://kr.indeed.com/취업?q=파이썬&limit=50&vjk=24dc13afb6411784,대한민국
기간제 직원 채용[Back-End 개발] for 코스콤,https://kr.indeed.com/취업?q=파이썬&limit=50&vjk=47474a6798d5910f,서울 여의도
기간제 직원 채용[네트워크] for 코스콤,https://kr.indeed.com/취업?q=파이썬&limit=50&vjk=256bb22d78c3f46e,서울 여의도
기간제 직원 채용[인프라] for 코스콤,https://kr.indeed.com/취업?q=파이썬&limit=50&vjk=8e484fc85a5765c9,서울 여의도
기간제 직원 채용[청산결제] for 코스콤,https://kr.indeed.com/취업?q=파이썬&limit=50&vjk=550ce7bf7e182a1d,서울 여의도
기간제 직원 채용[매매체결] for 코스콤,https://kr.indeed.com/취업?q=파이썬&limit=50&vjk=ebf7084a9e3fccf3,서울 여의도
기간제 직원 채용[통합콜센터] for 코스콤,https://kr.indeed.com/취업?q=파이썬&limit=50&vjk=0033823d4a02fd9c,서울 여의도
포인드(주) 인공지능·딥러닝 개발자 (경력) for 포인드,https://kr.indeed.com/취업?q=파이썬&limit=50&vjk=b45562259d704a8b,경상북도 구미
알고리즘팀 경력사원 공채 for SK증권,https://kr.indeed.com/취업?q=파이썬&limit=50&vjk=64cb77576b900d60,서울 여의도
기간제 직원 채용[CHECK 클라이언트] for 코스콤,https://kr.indeed.com/취업?q=파이썬&limit=50&vjk=bcb0ae3c4151d622,서울 여의도
소프트컴퓨팅&인터랙션 연구실 계약직 연구원 for 광주과학기술원,https://kr.indeed.com/취업?q=파이썬&limit=50&vjk=10f505fa78da5167,광주 북구
대체투자심사 경력직 채용 for 동양생명,https://kr.indeed.com/취업?q=파이썬&limit=50&vjk=7dcb0e6e1001b4ec,서울 종로동
기간제 직원 채용[지수산출업무 설계·운용] for 코스콤,https://kr.indeed.com/취업?q=파이썬&limit=50&vjk=d3f44da2dc4b8e55,서울 여의도
기간제 직원 채용[기반기술] for 코스콤,https://kr.indeed.com/취업?q=파이썬&limit=50&vjk=5c28f29e380d2199,서울 여의도
기간제 직원 채용[모바일서비스 기획] for 코스콤,https://kr.indeed.com/취업?q=파이썬&limit=50&vjk=2d199ed8bd383673,서울 여의도
[2020 대한민국 상생일자리 온라인 박람회] 프로그래밍 & 사무자동화 강사 for 등용문직업전문학교,https://kr.indeed.com/취업?q=파이썬&limit=50&vjk=2be2a75526f98941,전주 완산구
기간제 직원 채용[Front 개발] for 코스콤,https://kr.indeed.com/취업?q=파이썬&limit=50&vjk=77207b97427a68a0,서울 여의도
기간제 직원 채용[대외접속업무 개발/운용] for 코스콤,https://kr.indeed.com/취업?q=파이썬&limit=50&vjk=e0acfd7bc1dfe98b,서울 여의도
[경력] S/W 엔지니어 솔루션개발팀 모집 for 지니틱스 관심기업 코스닥,https://kr.indeed.com/취업?q=파이썬&limit=50&vjk=c6553c6e7617ed7e,용인 영덕동
융합기술학제학부 인간중심 지능형 시스템 연구실(연구직) for 광주과학기술원,https://kr.indeed.com/취업?q=파이썬&limit=50&vjk=199a3837a58b1218,광주 북구
기간제 직원 채용[TA] for 코스콤,https://kr.indeed.com/취업?q=파이썬&limit=50&vjk=d94c20c72772ccf7,서울 여의도
증착개발 신입사원 모집 for 야스,https://kr.indeed.com/취업?q=파이썬&limit=50&vjk=6c352906692dd4c3,파주 탄현면
(파이썬/백엔드/프론트엔드) 다양한 ICT솔루션 개발을 경험해보세요 for (주)넥스팟솔루션 관심기업,https://kr.indeed.com/취업?q=파이썬&limit=50&vjk=eee32ea7ea7d36ba,서울 문정동
한국문화기술연구소 위촉연구원 (시간제) for 광주과학기술원,https://kr.indeed.com/취업?q=파이썬&limit=50&vjk=356edacc7a8c00ed,광주 북구
GIST 고등광기술연구소 for 광주과학기술원,https://kr.indeed.com/취업?q=파이썬&limit=50&vjk=69f7e4ca822b9a8b,광주 북구
융합기술학제학부 인간중심 지능형 시스템 연구실 (시간제 위촉연구원) for 광주과학기술원,https://kr.indeed.com/취업?q=파이썬&limit=50&vjk=162ec7dafb2bcbe1,광주 북구
"신입 3,8004,500만원 인공지능 S/W 개발자 for 뉴로컴즈",https://kr.indeed.com/취업?q=파이썬&limit=50&vjk=70830b2ee658b5d0,서울 도화동
C·C++ 응용소프트웨어개발 정규직/계약직(경력) for 아이앤티,https://kr.indeed.com/취업?q=파이썬&limit=50&vjk=811feeaa31b5c3eb,경기도 화성
사내시스템 운영 및 개발 경력사원 모집 for GS ITM,https://kr.indeed.com/취업?q=파이썬&limit=50&vjk=58ac8db799334422,서울 재동
기간제 직원 채용[영업지원] for 코스콤,https://kr.indeed.com/취업?q=파이썬&limit=50&vjk=7a7c9706a8a52b7f,서울 여의도
Task PJT 신입/경력 사원 모집 for 야스,https://kr.indeed.com/취업?q=파이썬&limit=50&vjk=967c698d1407dd3c,파주 탄현면
기간제 직원 채용[KRX 시세정보 영업지원] for 코스콤,https://kr.indeed.com/취업?q=파이썬&limit=50&vjk=2c5ee644e0b76e85,서울 여의도
DGIST 뉴바이올로지전공 계약직 연구원 공개 초빙 공고 for 대구경북과학기술원,https://kr.indeed.com/취업?q=파이썬&limit=50&vjk=f691152cd759bceb,대구 현풍면
지구환경공학부 환경시스템공학 연구실 박사후연구원 for 광주과학기술원,https://kr.indeed.com/취업?q=파이썬&limit=50&vjk=017c5df900f2f905,광주 북구
[채널사업] PC방/오프라인 채널사업 담당자 모집 for 엔씨소프트,https://kr.indeed.com/취업?q=파이썬&limit=50&vjk=01469a94c3d9d653,성남 판교역
임베디드 펌웨어 개발자 for 황성공업,https://kr.indeed.com/취업?q=파이썬&limit=50&vjk=64c026edc9c3953e,김제 백구면
스마트 유압 설비 제어 프로그램 개발을 같이할 인... 월급 210만원 ~ 230만원 for (주)맥스링솔루션,https://kr.indeed.com/취업?q=파이썬&limit=50&vjk=65bc9c212f8f86af,김해 주촌면
Solutions Architect II - AWS for Amazon Web Services Korea LLC,https://kr.indeed.com/취업?q=파이썬&limit=50&vjk=07a743444a65087b,서울
AI 신약개발 플랫폼 풀 스택 개발자 PM급 for 에이치알 코리아,https://kr.indeed.com/취업?q=파이썬&limit=50&vjk=e46f27e822590242,서울
성능설계 경력사원 채용 for 한화파워시스템,https://kr.indeed.com/취업?q=파이썬&limit=50&vjk=825cd1ae4e3d0ca4,창원 성산구
"Solutions Architect II - AMAZON Web Services, Korea, Enterpr... for Amazon Web Services Korea LLC",https://kr.indeed.com/취업?q=파이썬&limit=50&vjk=c5e595eadd82a025,서울
검사시스템 경력사원 채용 for 야스,https://kr.indeed.com/취업?q=파이썬&limit=50&vjk=7795b0332afbd344,파주 탄현면
